{
  "spec/api/users_spec.rb" : 15.802686452865601,
  "spec/api/search/reports/items_spec.rb" : 25.634418487548828,
  "spec/api/inventory/items_spec.rb" : 29.906609773635864,
  "spec/initializers/webhook_config_spec.rb" : 0.16303277015686035,
  "spec/services/business_reports/metrics/total_reports_by_status_spec.rb" : 1.0923683643341064,
  "spec/models/reports/status_category_spec.rb" : 0.045000791549682617,
  "spec/models/user_spec.rb" : 9.6656570434570312,
  "spec/api/groups/permissions_spec.rb" : 1.9991302490234375,
  "spec/api/reports/categories_spec.rb" : 8.6301584243774414,
  "spec/services/inventory/render_item_with_data_spec.rb" : 0.42980074882507324,
  "spec/services/business_reports/metrics/total_reports_overdue_by_category_spec.rb" : 1.7310187816619873,
  "spec/services/business_reports/metrics/total_reports_overdue_by_category_per_day_spec.rb" : 1.7095949649810791,
  "spec/api/inventory/field_options_spec.rb" : 1.7945218086242676,
  "spec/services/inventory/category_locking_spec.rb" : 1.0676136016845703,
  "spec/services/reports/get_stats_spec.rb" : 8.7363531589508057,
  "spec/api/reports/item_histories_spec.rb" : 5.3175590038299561,
  "spec/models/group_spec.rb" : 0.34854888916015625,
  "spec/lib/return_fields_params_spec.rb" : 0.014609575271606445,
  "spec/api/feature_flags_spec.rb" : 0.28516840934753418,
  "spec/models/user_ability_spec.rb" : 0.99249267578125,
  "spec/services/reports/assign_to_user_spec.rb" : 2.5195331573486328,
  "spec/services/reports/serialize_to_webhook_spec.rb" : 0.80260634422302246,
  "spec/services/business_reports/metrics/total_reports_by_category_spec.rb" : 1.6413147449493408,
  "spec/workers/execute_formula_for_items_spec.rb" : 0.70822381973266602,
  "spec/services/reports/update_item_from_webhook_spec.rb" : 0.46073079109191895,
  "spec/api/search/inventory/items_spec.rb" : 29.654600620269775,
  "spec/models/reports/category_spec.rb" : 1.2156927585601807,
  "spec/services/inventory/formula_validator_spec.rb" : 7.8794379234313965,
  "spec/models/chart_spec.rb" : 0.90373396873474121,
  "spec/services/inventory/create_item_from_category_form_spec.rb" : 1.454542875289917,
  "spec/models/inventory/formula_spec.rb" : 0.21156454086303711,
  "spec/services/clusterize_items/reports_spec.rb" : 3.5169527530670166,
  "spec/api/search/users_spec.rb" : 8.7056348323822021,
  "spec/models/inventory/section_spec.rb" : 0.29452848434448242,
  "spec/services/reports/update_item_status_spec.rb" : 1.7449376583099365,
  "spec/services/clusterize_items/inventory_spec.rb" : 1.8806495666503906,
  "spec/services/list_users_spec.rb" : 3.7947125434875488,
  "spec/services/reports/change_item_category_spec.rb" : 0.6497185230255127,
  "spec/api/reports/statuses_spec.rb" : 1.6845784187316895,
  "spec/services/business_reports/metrics/average_resolution_time_by_group_spec.rb" : 1.8250150680541992,
  "spec/api/inventory/item_histories_spec.rb" : 6.3925430774688721,
  "spec/services/groups/update_permissions_spec.rb" : 0.10416913032531738,
  "spec/services/inventory/item_locking_spec.rb" : 2.236565113067627,
  "spec/services/groups/permission_manager_spec.rb" : 0.38820934295654297,
  "spec/models/field_spec.rb" : 4.5872130393981934,
  "spec/services/inventory/create_form_for_category_spec.rb" : 1.4098281860351562,
  "spec/services/business_reports/metrics/total_reports_unassigned_to_user_spec.rb" : 1.7969925403594971,
  "spec/services/business_reports/metrics/average_overdue_time_by_group_spec.rb" : 1.7192106246948242,
  "spec/api/reports/feedbacks_spec.rb" : 2.2412121295928955,
  "spec/services/inventory/update_item_data_spec.rb" : 1.5523574352264404,
  "spec/workers/execute_formula_for_category_spec.rb" : 1.6681182384490967,
  "spec/workers/set_reports_overdue_spec.rb" : 1.3725457191467285,
  "spec/api/inventory/formulas_spec.rb" : 4.6261205673217773,
  "spec/workers/fetch_data_for_chart_spec.rb" : 0.38277721405029297,
  "spec/api/inventory/statuses_spec.rb" : 0.92673516273498535,
  "spec/models/inventory/field_spec.rb" : 3.3154959678649902,
  "spec/services/inventory/update_status_with_formulas_spec.rb" : 2.2835197448730469,
  "spec/services/inventory/item_data_representer_spec.rb" : 6.9913089275360107,
  "spec/services/inventory/geocode_item_spec.rb" : 3.0044374465942383,
  "spec/models/trigger_spec.rb" : 0.14671564102172852,
  "spec/api/inventory/categories_spec.rb" : 16.014309406280518,
  "spec/models/inventory/status_spec.rb" : 0.044696569442749023,
  "spec/api/search/inventory/categories_spec.rb" : 1.8417258262634277,
  "spec/services/reports/forward_to_group_spec.rb" : 2.6975498199462891,
  "spec/services/reports/notify_user_spec.rb" : 6.7721977233886719,
  "spec/api/reports/items_spec.rb" : 58.588588237762451,
  "spec/models/reports/item_spec.rb" : 7.9497177600860596,
  "spec/models/concerns/unsubscribeable_spec.rb" : 0.065474748611450195,
  "spec/api/utils_spec.rb" : 0.11555862426757812,
  "spec/models/trigger_condition_spec.rb" : 0.090270757675170898,
  "spec/services/business_reports/metrics/total_reports_assigned_by_group_spec.rb" : 5.3561217784881592,
  "spec/models/inventory/formula_alert_spec.rb" : 1.3666496276855469,
  "spec/api/reports/comments_spec.rb" : 6.0411083698272705,
  "spec/services/business_reports/compile_data_for_chart_spec.rb" : 0.39468550682067871,
  "spec/services/inventory/create_history_entry_spec.rb" : 7.9604127407073975,
  "spec/models/reports/feedback_spec.rb" : 1.7824079990386963,
  "spec/services/reports/get_comments_for_user_spec.rb" : 1.8789615631103516,
  "spec/services/business_reports/metrics/total_reports_assigned_by_category_spec.rb" : 1.9494016170501709,
  "spec/workers/expire_access_keys_spec.rb" : 0.74413013458251953,
  "spec/api/reports/stats_spec.rb" : 17.864707708358765,
  "spec/api/search/groups_spec.rb" : 0.91375923156738281,
  "spec/api/reports/offensive_flags_spec.rb" : 4.1012234687805176,
  "spec/services/business_reports/metrics/average_overdue_time_by_category_spec.rb" : 1.6968302726745605,
  "spec/api/groups_spec.rb" : 8.6659936904907227,
  "spec/api/business_reports_spec.rb" : 8.2141165733337402,
  "spec/services/reports/flag_item_as_offensive_spec.rb" : 4.6156632900238037,
  "spec/models/step_spec.rb" : 3.7811658382415771,
  "spec/services/business_reports/metrics/average_resolution_time_by_category_spec.rb" : 1.8494877815246582,
  "spec/services/reports/create_item_from_webhook_spec.rb" : 0.24100947380065918,
  "spec/models/inventory/category_spec.rb" : 0.31933379173278809,
  "spec/models/inventory/item_spec.rb" : 3.5341687202453613,
  "spec/models/inventory/item_data_spec.rb" : 0.97599434852600098,
  "spec/api/business_reports/charts_spec.rb" : 1.6718006134033203,
  "spec/workers/geocode_inventory_item_spec.rb" : 0.87252521514892578,
  "spec/services/reports/create_history_entry_spec.rb" : 1.5205998420715332,
  "spec/models/business_report_spec.rb" : 0.37223291397094727
}